{"cameraMode":{"drawMode":0,"name":"Shaded","section":"Shading Mode"},"sceneLighting":false,"audioPlay":false,"sceneViewState":{"showFog":true,"showMaterialUpdate":false,"showSkybox":false,"showFlares":true,"showImageEffects":true,"showParticleSystems":true},"in2DMode":false,"pivot":{"x":-14.522499084472657,"y":1.6015559434890748,"z":-19.302921295166017},"rotation":{"x":0.04010260850191116,"y":-0.9177426099777222,"z":0.0955815464258194,"w":0.38416460156440737},"size":0.059448450803756717,"orthographic":false}