{"cameraMode":{"drawMode":0,"name":"Shaded","section":"Shading Mode"},"sceneLighting":false,"audioPlay":false,"sceneViewState":{"showFog":true,"showMaterialUpdate":false,"showSkybox":false,"showFlares":true,"showImageEffects":true,"showParticleSystems":true},"in2DMode":false,"pivot":{"x":0.7531551122665405,"y":-0.9059469103813171,"z":0.3317526578903198},"rotation":{"x":-0.35365018248558047,"y":-0.5099888443946838,"z":0.24203377962112428,"w":-0.7460233569145203},"size":1.4431560039520264,"orthographic":false}